{"cameraMode":{"drawMode":0,"name":"Shaded","section":"Shading Mode"},"sceneLighting":false,"audioPlay":false,"sceneViewState":{"m_AlwaysRefresh":true,"showFog":true,"showSkybox":false,"showFlares":true,"showImageEffects":false,"showParticleSystems":true,"showVisualEffectGraphs":true,"m_FxEnabled":true},"in2DMode":false,"pivot":{"x":1.1480000019073487,"y":0.8570002913475037,"z":0.5172221660614014},"rotation":{"x":-0.05713154748082161,"y":-0.6946864724159241,"z":0.05620957911014557,"w":-0.7152266502380371},"size":1.103026032447815,"orthographic":false}