{"cameraMode":{"drawMode":0,"name":"Shaded","section":"Shading Mode"},"sceneLighting":false,"audioPlay":false,"sceneViewState":{"m_AlwaysRefresh":true,"showFog":true,"showSkybox":true,"showFlares":true,"showImageEffects":false,"showParticleSystems":true,"showVisualEffectGraphs":true,"m_FxEnabled":true},"in2DMode":false,"pivot":{"x":6.264341354370117,"y":11.234138488769532,"z":26.227426528930665},"rotation":{"x":-0.13306494057178498,"y":-0.10309626907110214,"z":0.014954321086406708,"w":-0.9862993359565735},"size":50.85163116455078,"orthographic":false}