{"cameraMode":{"drawMode":0,"name":"Shaded","section":"Shading Mode"},"sceneLighting":false,"audioPlay":false,"sceneViewState":{"m_AlwaysRefresh":true,"showFog":true,"showSkybox":false,"showFlares":true,"showImageEffects":false,"showParticleSystems":true,"showVisualEffectGraphs":true,"m_FxEnabled":true},"in2DMode":false,"pivot":{"x":4.426353454589844,"y":-0.2415589541196823,"z":0.28492772579193118},"rotation":{"x":0.016435926780104638,"y":0.8490496277809143,"z":-0.024876441806554796,"w":0.5279142260551453},"size":2.58325457572937,"orthographic":false}